id,label
109,0.5018916726112366
145,0.5004416108131409
15,0.5007604956626892
162,0.49983933568000793
167,0.49900051951408386
200,0.5022626519203186
210,0.5012428164482117
211,0.5007286667823792
213,0.4998618960380554
224,0.4996972978115082
