id,label
109,0.372000128030777
145,0.3408886790275574
15,0.4596858322620392
162,0.45804363489151
167,0.4556128680706024
200,0.38629665970802307
210,0.5194093585014343
211,0.5385539531707764
213,0.40378350019454956
224,0.4331855773925781
