id,label
10734,0.6196748614311218
1770,0.6209829449653625
2030,0.4995355010032654
2863,0.33118072152137756
5330,0.5802633762359619
5970,0.4880433976650238
6355,0.5492197275161743
686,0.5593258142471313
9217,0.3811652958393097
9368,0.38500523567199707
