id,label
109,0.49950215220451355
145,0.49926963448524475
15,0.4994121193885803
162,0.49930718541145325
167,0.4990493059158325
200,0.5001327991485596
210,0.49965253472328186
211,0.4997349977493286
213,0.49968233704566956
224,0.4992581605911255
