id,label
109,0.42667990922927856
145,0.4074653387069702
15,0.5321388244628906
162,0.4959861636161804
167,0.5028217434883118
200,0.45366179943084717
210,0.5439140796661377
211,0.530288815498352
213,0.4579005837440491
224,0.5153647065162659
