id,label
10734,0.6286148428916931
1770,0.6507187485694885
2030,0.5235974788665771
2863,0.30189621448516846
5330,0.5636813640594482
5970,0.4911222457885742
6355,0.5984356999397278
686,0.5527309775352478
9217,0.3623875081539154
9368,0.3192952275276184
